"Population Change Components by County, statistical indicator and Year"

" "," ","1881","1891","1901","1911","1926","1936","1946","1951","1956","1961","1966","1971","1979","1981","1986","1991","1996","2002","2006","2011"
"State"
" ","Births since last Census (Number)",1036682,835072,737934,713709,968742,583502,602095,329270,312517,302816,312709,312796,548413,146224,333457,277546,249455,324147,245156,367191
" ","Deaths since last Census (Number)",718125,639073,588391,534305,731409,420323,428297,201295,178083,170736,166443,164644,267378,65991,164336,158300,157389,186912,113842,141079
" ","Natural Increase since last Census (Number)",318557,195999,149543,179404,237333,163179,173798,127975,134434,132080,146266,148152,281035,80233,169121,119246,92066,137235,131314,226112
" ","Change in Population since last Census (Number)",-183167,-401326,-246871,-82135,-167696,-3572,-13313,5486,-62329,-79923,65661,94246,389969,75188,97238,-14924,100368,291116,322645,348404
" ","Net Migration since last Census (Number)",-501724,-597325,-396414,-261539,-405029,-166751,-187111,-122489,-196763,-212003,-80605,-53906,108934,-5045,-71883,-134170,8302,153881,191331,122292
" ","Birth Rate since last Census (Avg Annual Rate per 1000)",26.2,22.8,22.1,22.4,21.1,19.6,20.3,22.3,21.3,21.2,21.9,21.3,21.6,21.5,19.1,15.7,14.0,14.3,15.0,16.6
" ","Death Rate since last Census (Avg Annual Rate per 1000)",18.1,17.4,17.6,16.8,16.0,14.2,14.5,13.6,12.2,11.9,11.7,11.2,10.5,9.7,9.4,9.0,8.8,8.3,7.0,6.4
" ","Rate of Natural Increase since last Census (Avg Annual Rate per 1000)",8.0,5.3,4.5,5.6,5.2,5.5,5.9,8.7,9.2,9.2,10.3,10.1,11.1,11.8,9.7,6.8,5.1,6.1,19.8,10.2
" ","Rate of Change in Population since last Census (Avg Annual Rate per 1000)",-4.6,-10.9,-7.4,-2.6,-3.7,-0.1,-0.4,0.4,-4.3,-5.6,4.6,6.4,15.4,11.0,5.6,-0.8,5.6,12.9,8.0,15.8
" ","Rate of Net Migration since last Census (Avg Annual Rate per 1000)",-12.7,-16.3,-11.9,-8.2,-8.8,-5.6,-6.3,-8.3,-13.4,-14.8,-5.7,-3.7,4.3,-0.7,-4.1,-7.6,0.5,6.8,11.7,5.5
"Leinster"
" ","Births since last Census (Number)",331716,291151,269072,269940,383768,250481,277696,154139,152760,153487,165121,168060,293758,78511,177152,149371,136702,182058,138889,208612
" ","Deaths since last Census (Number)",275737,254834,239399,219462,302183,174879,180349,83878,74300,72634,72412,72131,119007,30050,74363,73375,74024,89113,55130,69704
" ","Natural Increase since last Census (Number)",55979,36317,29673,50478,81585,75602,97347,70261,78460,80853,92709,95929,174751,48461,102789,75996,62678,92945,83759,138908
" ","Change in Population since last Census (Number)",-60462,-91229,-38953,9215,-12952,71319,60706,55459,2461,-6793,82266,83725,245721,46660,62128,8300,63753,180877,189544,209691
" ","Net Migration since last Census (Number)",-116441,-127546,-68626,-41263,-94537,-4283,-36641,-14802,-75999,-87646,-10443,-12204,70970,-1801,-40661,-67696,1075,87932,105785,70783
" ","Birth Rate since last Census (Avg Annual Rate per 1000)",25.3,23.6,23.0,23.3,22.1,21.1,22.2,23.6,22.8,23.0,24.0,23.1,22.7,22.2,19.5,16.1,14.4,15.1,15.8,17.4
" ","Death Rate since last Census (Avg Annual Rate per 1000)",21.1,20.7,20.4,19.0,17.4,14.8,14.4,12.8,11.1,10.9,10.5,9.9,9.2,8.5,8.2,7.9,7.8,7.4,6.3,5.8
" ","Rate of Natural Increase since last Census (Avg Annual Rate per 1000)",4.3,2.9,2.5,4.4,4.7,6.4,7.8,10.7,11.7,12.1,13.5,13.2,13.5,13.7,11.3,8.2,6.6,7.7,21.5,11.6
" ","Rate of Change in Population since last Census (Avg Annual Rate per 1000)",-4.6,-7.4,-3.3,0.8,-0.7,6.0,4.9,8.5,0.4,-1.0,12.0,11.5,18.9,13.2,6.8,0.9,6.7,15.0,9.5,17.5
" ","Rate of Net Migration since last Census (Avg Annual Rate per 1000)",-8.9,-10.3,-5.9,-3.6,-5.5,-0.4,-2.9,-2.3,-11.4,-13.1,-1.5,-1.7,5.5,-0.5,-4.5,-7.3,0.1,7.3,12.0,5.9
"Carlow"
" ","Births since last Census (Number)",12066,9453,8325,7672,10223,6647,6997,4120,3992,4128,4270,4075,7223,2011,4541,3677,3087,3891,3318,5010
" ","Deaths since last Census (Number)",9494,8044,7617,6519,8497,5167,4872,2444,2065,1974,1982,1925,3330,809,1989,1860,1919,2278,1391,1696
" ","Natural Increase since last Census (Number)",2572,1409,708,1153,1726,1480,2125,1676,1927,2154,2288,2150,3893,1202,2552,1817,1168,1613,1927,3314
" ","Change in Population since last Census (Number)",-5082,-5632,-4216,-1496,-1776,-24,-371,81,-274,-546,251,644,4431,1152,1168,-46,674,4398,4335,4263
" ","Net Migration since last Census (Number)",-7654,-7041,-4924,-2649,-3502,-1504,-2496,-1595,-2201,-2700,-2037,-1506,538,-50,-1384,-1863,-494,2785,2408,949
" ","Birth Rate since last Census (Avg Annual Rate per 1000)",24.6,21.6,20.9,20.7,19.3,19.3,20.4,24.1,23.5,24.6,25.5,24.0,24.8,25.6,22.5,18.0,15.0,14.8,17.2,19.1
" ","Death Rate since last Census (Avg Annual Rate per 1000)",19.3,18.4,19.1,17.6,16.0,15.0,14.2,14.3,12.1,11.7,11.8,11.4,11.4,10.3,9.8,9.1,9.3,8.7,7.2,6.5
" ","Rate of Natural Increase since last Census (Avg Annual Rate per 1000)",5.2,3.2,1.8,3.1,3.3,4.3,6.2,9.8,11.3,12.8,13.7,12.7,13.3,15.3,12.6,8.9,5.7,6.1,22.5,12.6
" ","Rate of Change in Population since last Census (Avg Annual Rate per 1000)",-10.3,-12.9,-10.6,-4.0,-3.3,-0.1,-1.1,0.5,-1.6,-3.2,1.5,3.8,15.2,14.7,5.8,-0.2,3.3,16.7,10.0,16.2
" ","Rate of Net Migration since last Census (Avg Annual Rate per 1000)",-15.6,-16.1,-12.4,-7.2,-6.6,-4.4,-7.3,-9.3,-12.9,-16.1,-12.2,-8.9,1.8,-0.6,-6.9,-9.1,-2.4,10.6,12.5,3.6
"Dublin"
" ","Births since last Census (Number)",114284,116695,117361,125617,184156,132984,153536,79165,81479,84675,94647,96838,162761,42196,93349,80187,75329,97794,70539,102547
" ","Deaths since last Census (Number)",108714,109102,107911,101221,143922,84440,90689,39414,34858,35425,36084,36965,60860,15763,38481,38511,38759,46914,28835,36126
" ","Natural Increase since last Census (Number)",5570,7593,9450,24396,40234,48544,62847,39751,46621,49250,58563,59873,101901,26433,54868,41676,36570,50880,41704,66421
" ","Change in Population since last Census (Number)",13648,306,31346,28990,28458,81271,49268,56829,12759,13325,76715,57172,131464,19481,18285,3855,32960,64557,64355,85893
" ","Net Migration since last Census (Number)",8078,-7287,21896,4594,-11776,32727,-13579,17078,-33862,-35925,18152,-2701,29563,-6952,-36583,-37821,-3610,13677,22651,19472
" ","Birth Rate since last Census (Avg Annual Rate per 1000)",27.7,27.8,27.1,27.1,25.0,24.3,25.1,23.8,23.3,23.8,25.0,23.5,22.2,21.2,18.4,15.7,14.5,14.9,15.3,16.7
" ","Death Rate since last Census (Avg Annual Rate per 1000)",26.4,26.0,24.9,21.9,19.5,15.5,14.8,11.9,10.0,10.0,9.5,9.0,8.3,7.9,7.6,7.5,7.4,7.2,6.2,5.9
" ","Rate of Natural Increase since last Census (Avg Annual Rate per 1000)",1.4,1.8,2.2,5.3,5.5,8.9,10.3,12.0,13.3,13.8,15.5,14.5,13.9,13.3,10.8,8.1,7.0,7.8,13.9,10.8
" ","Rate of Change in Population since last Census (Avg Annual Rate per 1000)",3.3,0.1,7.2,6.3,3.9,14.9,8.1,17.1,3.6,3.7,20.3,13.9,17.9,9.8,3.6,0.8,6.3,9.9,9.0,14.0
" ","Rate of Net Migration since last Census (Avg Annual Rate per 1000)",2.0,-1.7,5.1,1.0,-1.6,6.0,-2.2,5.1,-9.7,-10.1,4.8,-0.7,4.0,-3.5,-7.2,-7.4,-0.7,2.1,4.9,3.2
"Kildare"
" ","Births since last Census (Number)",19600,15762,14438,15083,18784,11026,12521,8584,8224,7846,8101,8539,18607,5419,13008,10942,10380,15885,13054,19670
" ","Deaths since last Census (Number)",14366,12470,11590,10496,13731,7323,7933,4048,3616,3351,3370,3259,5786,1350,3644,3764,3942,4842,3224,4308
" ","Natural Increase since last Census (Number)",5234,3292,2848,4587,5053,3703,4588,4536,4608,4495,4731,5280,12821,4069,9364,7178,6438,11043,9830,15362
" ","Change in Population since last Census (Number)",-7810,-5598,-6640,3061,-8599,-136,6957,1588,-522,-1495,1984,5573,25208,6937,12125,6409,12336,28952,22391,23977
" ","Net Migration since last Census (Number)",-13044,-8890,-9488,-1526,-13652,-3839,2369,-2948,-5130,-5990,-2747,293,12387,2868,2761,-769,5898,17909,12561,8615
" ","Birth Rate since last Census (Avg Annual Rate per 1000)",24.6,21.6,21.6,23.2,20.1,19.0,20.4,26.2,24.9,24.1,24.8,24.7,27.5,26.9,23.6,18.3,16.1,17.7,18.6,19.8
" ","Death Rate since last Census (Avg Annual Rate per 1000)",18.0,17.1,17.3,16.1,14.7,12.6,12.9,12.3,10.9,10.3,10.3,9.4,8.6,6.7,6.6,6.3,6.1,5.4,4.6,4.3
" ","Rate of Natural Increase since last Census (Avg Annual Rate per 1000)",6.6,4.5,4.3,7.0,5.4,6.4,7.5,13.8,13.9,13.8,14.5,15.3,18.9,20.2,17.0,12.0,10.0,12.3,32.0,15.5
" ","Rate of Change in Population since last Census (Avg Annual Rate per 1000)",-9.8,-7.7,-9.9,4.7,-9.2,-0.2,11.3,4.8,-1.6,-4.6,6.1,16.1,37.3,34.5,22.0,10.7,19.2,32.3,14.0,24.2
" ","Rate of Net Migration since last Census (Avg Annual Rate per 1000)",-16.4,-12.2,-14.2,-2.3,-14.6,-6.6,3.9,-9.0,-15.5,-18.4,-8.4,0.8,18.3,14.2,5.0,-1.3,9.2,20.0,17.9,8.7
"Kilkenny"
" ","Births since last Census (Number)",25967,20424,17325,16367,22785,13178,12861,7330,6788,6388,5969,6018,10533,2816,6730,5918,4924,6087,4502,6864
" ","Deaths since last Census (Number)",21364,17782,15494,13511,18147,10275,9661,4513,4243,3913,3855,3726,5748,1385,3421,3229,3207,3734,2269,2898
" ","Natural Increase since last Census (Number)",4603,2642,1831,2856,4638,2903,3200,2817,2545,2475,2114,2292,4785,1431,3309,2689,1717,2353,2233,3966
" ","Change in Population since last Census (Number)",-9848,-12270,-8337,-4197,-3972,-2376,-1902,-1477,-1051,-2421,-1205,1010,7683,1650,2380,449,1701,5003,7219,7861
" ","Net Migration since last Census (Number)",-14451,-14912,-10168,-7053,-8610,-5279,-5102,-4294,-3596,-4896,-3319,-1282,2898,219,-929,-2240,-16,2650,4986,3895
" ","Birth Rate since last Census (Avg Annual Rate per 1000)",24.9,21.9,20.8,21.2,20.8,18.9,19.0,22.2,21.0,20.3,19.5,19.7,20.2,20.1,18.7,16.1,13.2,13.0,13.4,15.0
" ","Death Rate since last Census (Avg Annual Rate per 1000)",20.5,19.0,18.6,17.5,16.6,14.7,14.3,13.7,13.1,12.4,12.6,12.2,11.0,9.9,9.5,8.8,8.6,8.0,6.8,6.3
" ","Rate of Natural Increase since last Census (Avg Annual Rate per 1000)",4.4,2.8,2.2,3.7,4.2,4.2,4.7,8.5,7.9,7.9,6.9,7.5,9.2,10.2,9.2,7.3,4.6,5.0,21.5,8.7
" ","Rate of Change in Population since last Census (Avg Annual Rate per 1000)",-9.4,-13.1,-10.0,-5.4,-3.6,-3.4,-2.8,-4.5,-3.3,-7.7,-3.9,3.3,14.7,11.8,6.6,1.2,4.6,10.7,6.6,17.2
" ","Rate of Net Migration since last Census (Avg Annual Rate per 1000)",-13.8,-16.0,-12.2,-9.2,-7.9,-7.6,-7.5,-13.0,-11.1,-15.6,-10.9,-4.2,5.5,1.6,-2.6,-6.1,0.0,5.7,14.8,8.5
"Laoighis"
" ","Births since last Census (Number)",18061,13963,11901,10977,15225,8954,8922,5186,5095,4884,5003,4637,7654,2064,5018,4079,3492,4630,3835,6701
" ","Deaths since last Census (Number)",13782,11444,10486,9479,12562,7482,7120,3481,3185,2941,2652,2535,4164,966,2419,2400,2372,2730,1535,1998
" ","Natural Increase since last Census (Number)",4279,2519,1415,1498,2663,1472,1802,1705,1910,1943,2351,2102,3490,1098,2599,1679,1120,1900,2300,4703
" ","Change in Population since last Census (Number)",-6647,-8241,-6438,-2788,-3089,-1431,-412,-1267,-1343,-2018,-474,664,4677,1235,2113,-970,631,5829,8285,13500
" ","Net Migration since last Census (Number)",-10926,-10760,-7853,-4286,-5752,-2903,-2214,-2972,-3253,-3961,-2825,-1438,1187,137,-486,-2649,-489,3929,5985,8797
" ","Birth Rate since last Census (Avg Annual Rate per 1000)",23.6,20.2,19.6,19.6,19.1,17.6,17.9,21.1,21.3,21.2,22.3,20.6,20.1,20.4,19.2,15.5,13.3,13.8,15.2,18.2
" ","Death Rate since last Census (Avg Annual Rate per 1000)",18.0,16.6,17.3,16.9,15.8,14.7,14.3,14.2,13.3,12.8,11.8,11.3,10.9,9.6,9.3,9.1,9.0,8.1,6.1,5.4
" ","Rate of Natural Increase since last Census (Avg Annual Rate per 1000)",5.6,3.7,2.3,2.7,3.3,2.9,3.6,7.0,8.0,8.4,10.5,9.4,9.2,10.9,10.0,6.4,4.3,5.7,32.9,12.7
" ","Rate of Change in Population since last Census (Avg Annual Rate per 1000)",-8.7,-11.9,-10.6,-5.0,-3.9,-2.8,-0.8,-5.2,-5.6,-8.8,-2.1,3.0,12.3,12.2,8.1,-3.7,2.4,17.4,9.1,36.6
" ","Rate of Net Migration since last Census (Avg Annual Rate per 1000)",-14.3,-15.6,-13.0,-7.7,-7.2,-5.7,-4.4,-12.1,-13.6,-17.2,-12.6,-6.4,3.1,1.4,-1.9,-10.0,-1.9,11.7,23.8,23.8
"Longford"
" ","Births since last Census (Number)",15234,11592,9696,8913,12365,6959,6804,3853,3544,3173,3010,2848,4899,1318,3145,2453,2009,2554,1989,3297
" ","Deaths since last Census (Number)",10044,8829,8114,7538,9843,5392,5201,2574,2328,2196,2158,1972,3125,815,1975,1789,1632,1939,1172,1446
" ","Natural Increase since last Census (Number)",5190,2763,1582,1375,2522,1567,1603,1279,1216,977,852,876,1774,503,1170,664,377,615,817,1851
" ","Change in Population since last Census (Number)",-3492,-8362,-5975,-2852,-3973,-2000,-1629,-1665,-1584,-2326,-1654,-739,2535,355,356,-1200,-130,902,3323,4609
" ","Net Migration since last Census (Number)",-8682,-11125,-7557,-4227,-6495,-3567,-3232,-2944,-2800,-3303,-2506,-1615,761,-148,-814,-1864,-507,287,2506,2758
" ","Birth Rate since last Census (Avg Annual Rate per 1000)",24.3,20.4,19.5,19.7,19.7,17.9,18.4,21.8,21.0,20.0,20.2,19.9,20.7,21.3,20.1,15.9,13.3,13.9,15.2,18.0
" ","Death Rate since last Census (Avg Annual Rate per 1000)",16.0,15.5,16.3,16.7,15.7,13.9,14.0,14.5,13.8,13.8,14.5,13.8,13.2,13.2,12.6,11.6,10.8,10.6,9.0,7.9
" ","Rate of Natural Increase since last Census (Avg Annual Rate per 1000)",8.3,4.9,3.2,3.0,4.0,4.0,4.3,7.2,7.2,6.1,5.7,6.1,7.5,8.1,7.5,4.3,2.5,3.3,25.4,10.1
" ","Rate of Change in Population since last Census (Avg Annual Rate per 1000)",-5.6,-14.7,-12.0,-6.3,-6.3,-5.1,-4.4,-9.4,-9.4,-14.6,-11.1,-5.2,10.7,5.7,2.3,-7.8,-0.9,4.9,6.2,25.1
" ","Rate of Net Migration since last Census (Avg Annual Rate per 1000)",-13.8,-19.6,-15.2,-9.3,-10.4,-9.2,-8.7,-16.6,-16.6,-20.8,-16.8,-11.3,3.2,-2.4,-5.2,-12.1,-3.4,1.6,19.1,15.0
"Louth"
" ","Births since last Census (Number)",20660,17137,14603,13786,20455,12120,13847,8276,7935,7866,8223,8844,15491,4095,8720,6885,6147,8711,6692,9559
" ","Deaths since last Census (Number)",15667,13348,12411,11266,15077,8714,8832,4520,4003,3853,3763,3724,6233,1650,3900,3832,3907,4685,2825,3739
" ","Natural Increase since last Census (Number)",4993,3789,2192,2520,5378,3406,5015,3756,3932,4013,4460,5120,9258,2445,4820,3053,2240,4026,3867,5820
" ","Change in Population since last Census (Number)",-6337,-6646,-6094,-2155,-926,1600,1855,2577,423,-1816,2141,5432,11031,2379,3296,-1086,1442,9655,9446,11630
" ","Net Migration since last Census (Number)",-11330,-10435,-8286,-4675,-6304,-1806,-3160,-1179,-3509,-5829,-2319,312,1773,-66,-1524,-4139,-798,5629,5579,5810
" ","Birth Rate since last Census (Avg Annual Rate per 1000)",25.6,23.0,21.2,21.3,21.6,19.1,21.2,24.5,23.0,23.0,24.0,24.5,24.0,23.4,19.3,15.1,13.4,15.0,15.7,16.3
" ","Death Rate since last Census (Avg Annual Rate per 1000)",19.4,18.0,18.0,17.4,15.9,13.7,13.5,13.4,11.6,11.3,11.0,10.3,9.7,9.4,8.7,8.4,8.5,8.1,6.6,6.4
" ","Rate of Natural Increase since last Census (Avg Annual Rate per 1000)",6.2,5.1,3.2,3.9,5.7,5.4,7.7,11.1,11.4,11.8,13.0,14.2,14.4,14.0,10.7,6.7,4.9,6.9,22.2,9.9
" ","Rate of Change in Population since last Census (Avg Annual Rate per 1000)",-7.8,-8.9,-8.8,-3.3,-1.0,2.5,2.8,7.6,1.2,-5.3,6.3,15.0,17.1,13.6,7.3,-2.4,3.2,16.6,9.1,19.9
" ","Rate of Net Migration since last Census (Avg Annual Rate per 1000)",-14.0,-14.0,-12.0,-7.2,-6.6,-2.8,-4.8,-3.5,-10.2,-17.1,-6.8,0.9,2.7,-0.4,-3.4,-9.1,-1.7,9.7,13.1,9.9
"Meath"
" ","Births since last Census (Number)",21293,16597,13732,12955,18595,10559,11422,7431,7131,7000,7404,7710,15351,4418,10557,8433,7376,10897,10405,17469
" ","Deaths since last Census (Number)",16878,14646,12448,10985,15069,8618,8426,4459,3968,3798,3839,3767,6369,1484,3773,3638,3794,4579,2964,4025
" ","Natural Increase since last Census (Number)",4415,1951,1284,1970,3526,1941,2996,2972,3163,3202,3565,3943,8982,2934,6784,4795,3582,6318,7441,13444
" ","Change in Population since last Census (Number)",-8089,-10482,-8614,-2406,-2122,-1564,4827,105,425,-1640,2201,4406,19139,4704,8462,1489,4362,24273,28826,21304
" ","Net Migration since last Census (Number)",-12504,-12433,-9898,-4376,-5648,-3505,1831,-2867,-2738,-4842,-1364,463,10157,1770,1678,-3306,780,17955,21385,7860
" ","Birth Rate since last Census (Avg Annual Rate per 1000)",23.3,20.2,19.1,19.5,19.4,17.0,17.9,22.4,21.4,21.2,22.4,22.2,23.6,23.7,21.2,16.1,13.7,14.9,17.5,20.1
" ","Death Rate since last Census (Avg Annual Rate per 1000)",18.4,17.8,17.3,16.6,15.7,13.9,13.2,13.5,11.9,11.5,11.6,10.8,9.8,8.0,7.6,7.0,7.1,6.3,5.0,4.6
" ","Rate of Natural Increase since last Census (Avg Annual Rate per 1000)",4.8,2.4,1.8,3.0,3.7,3.1,4.7,9.0,9.5,9.7,10.8,11.3,13.8,15.8,13.6,9.2,6.7,8.6,48.6,15.5
" ","Rate of Change in Population since last Census (Avg Annual Rate per 1000)",-8.8,-12.7,-12.0,-3.6,-2.2,-2.5,7.6,0.3,1.3,-5.0,6.6,12.7,29.5,25.3,17.0,2.8,8.1,33.2,12.5,24.6
" ","Rate of Net Migration since last Census (Avg Annual Rate per 1000)",-13.7,-15.1,-13.8,-6.6,-5.9,-5.6,2.9,-8.7,-8.2,-14.7,-4.1,1.3,15.6,9.5,3.4,-6.3,1.5,24.6,36.0,9.1
"Offaly"
" ","Births since last Census (Number)",17609,14812,12876,11292,16183,9453,9872,6061,5734,5962,6149,5827,9621,2534,5615,4581,3986,5180,3964,6114
" ","Deaths since last Census (Number)",12906,11637,10595,9192,12353,6776,6947,3672,3084,2971,2941,2725,4342,1033,2655,2649,2711,3047,1938,2269
" ","Natural Increase since last Census (Number)",4703,3175,2281,2100,3830,2677,2925,2389,2650,2991,3208,3102,5279,1501,2960,1932,1275,2133,2026,3845
" ","Change in Population since last Census (Number)",-3048,-7289,-5376,-3355,-4240,-1284,2378,-1142,-574,-437,184,112,5513,970,1523,-1341,623,4546,7205,5819
" ","Net Migration since last Census (Number)",-7751,-10464,-7657,-5455,-8070,-3961,-547,-3531,-3224,-3428,-3024,-2990,234,-531,-1437,-3273,-652,2413,5179,1974
" ","Birth Rate since last Census (Avg Annual Rate per 1000)",23.7,21.4,20.5,19.3,19.7,18.2,18.8,22.8,21.9,23.0,23.8,22.5,22.0,21.9,19.0,15.5,13.6,14.1,14.7,16.6
" ","Death Rate since last Census (Avg Annual Rate per 1000)",17.4,16.8,16.9,15.7,15.1,13.0,13.2,13.8,11.8,11.5,11.4,10.5,9.9,8.9,9.0,9.0,9.2,8.3,7.2,6.2
" ","Rate of Natural Increase since last Census (Avg Annual Rate per 1000)",6.3,4.6,3.6,3.6,4.7,5.2,5.6,9.0,10.1,11.6,12.4,12.0,12.1,13.0,10.0,6.5,4.3,5.8,26.8,10.4
" ","Rate of Change in Population since last Census (Avg Annual Rate per 1000)",-4.1,-10.5,-8.6,-5.7,-5.2,-2.5,4.5,-4.3,-2.2,-1.7,0.7,0.4,12.6,8.4,5.2,-4.5,2.1,12.3,7.5,15.8
" ","Rate of Net Migration since last Census (Avg Annual Rate per 1000)",-10.4,-15.1,-12.2,-9.3,-9.8,-7.6,-1.0,-13.3,-12.3,-13.2,-11.7,-11.6,0.5,-4.6,-4.9,-11.1,-2.2,6.6,19.2,5.4
"Westmeath"
" ","Births since last Census (Number)",17799,14429,13201,12094,17269,10457,11395,6570,6627,6201,6352,6070,10039,2885,6774,5230,4830,6275,4907,7396
" ","Deaths since last Census (Number)",13879,12564,11336,10210,13776,8235,8238,3804,3362,3216,3061,2991,5189,1268,3174,3009,2937,3631,2223,2651
" ","Natural Increase since last Census (Number)",3920,1865,1865,1884,3493,2222,3157,2766,3265,2985,3291,3079,4850,1617,3600,2221,1893,2644,2684,4745
" ","Change in Population since last Census (Number)",-6634,-6689,-6982,-1643,-3168,-2112,243,-486,-341,-1261,39,670,6315,1638,1856,-1499,1434,8544,7488,6818
" ","Net Migration since last Census (Number)",-10554,-8554,-8847,-3527,-6661,-4334,-2914,-3252,-3606,-4246,-3252,-2409,1465,21,-1744,-3720,-459,5900,4804,2073
" ","Birth Rate since last Census (Avg Annual Rate per 1000)",23.7,21.1,20.3,19.9,19.7,18.8,20.8,24.0,24.4,23.2,24.0,22.8,22.1,23.8,21.7,16.7,15.4,15.5,16.2,17.9
" ","Death Rate since last Census (Avg Annual Rate per 1000)",18.5,18.4,17.4,16.8,15.7,14.8,15.0,13.9,12.4,12.0,11.6,11.2,11.4,10.4,10.2,9.6,9.4,9.0,7.4,6.4
" ","Rate of Natural Increase since last Census (Avg Annual Rate per 1000)",5.2,2.7,2.9,3.1,4.0,4.0,5.8,10.1,12.0,11.2,12.4,11.6,10.7,13.3,11.5,7.1,6.0,6.5,24.8,11.5
" ","Rate of Change in Population since last Census (Avg Annual Rate per 1000)",-8.8,-9.8,-10.7,-2.7,-3.6,-3.8,0.4,-1.8,-1.3,-4.7,0.1,2.5,13.9,13.5,5.9,-4.8,4.6,21.1,8.9,16.5
" ","Rate of Net Migration since last Census (Avg Annual Rate per 1000)",-14.1,-12.5,-13.6,-5.8,-7.6,-7.8,-5.3,-11.9,-13.3,-15.9,-12.3,-9.1,3.2,0.2,-5.6,-11.9,-1.5,14.5,15.9,5.0
"Wexford"
" ","Births since last Census (Number)",31708,25886,22454,22421,30315,18177,19215,10516,9447,8919,9283,9669,16797,4666,10124,8594,7529,9803,7922,11772
" ","Deaths since last Census (Number)",25908,23061,20671,19081,25996,14905,14482,6746,5893,5469,5199,5061,8028,1969,5080,4810,4934,5661,3603,4703
" ","Natural Increase since last Census (Number)",5800,2825,1783,3340,4319,3272,4733,3770,3554,3450,4084,4608,8769,2697,5044,3784,2595,4142,4319,7069
" ","Change in Population since last Census (Number)",-8812,-12076,-7959,-1831,-6425,-1603,-2390,-1823,-2773,-3951,129,2914,10070,2660,3471,-483,2302,12225,15153,13571
" ","Net Migration since last Census (Number)",-14612,-14901,-9742,-5171,-10744,-4875,-7123,-5593,-6327,-7401,-3955,-1694,1301,-37,-1573,-4267,-293,8083,10834,6502
" ","Birth Rate since last Census (Avg Annual Rate per 1000)",24.7,22.0,20.8,21.7,20.4,19.1,20.7,23.1,21.3,20.9,22.3,22.8,23.0,23.9,20.1,16.8,14.6,14.8,15.9,17.0
" ","Death Rate since last Census (Avg Annual Rate per 1000)",20.2,19.6,19.1,18.5,17.5,15.7,15.6,14.8,13.3,12.8,12.5,11.9,11.0,10.1,10.1,9.4,9.6,8.5,7.3,6.8
" ","Rate of Natural Increase since last Census (Avg Annual Rate per 1000)",4.5,2.4,1.6,3.2,2.9,3.4,5.1,8.3,8.0,8.1,9.8,10.9,12.0,13.8,10.0,7.4,5.0,6.2,30.5,10.2
" ","Rate of Change in Population since last Census (Avg Annual Rate per 1000)",-6.9,-10.2,-7.4,-1.8,-4.3,-1.7,-2.6,-4.0,-6.3,-9.3,0.3,6.9,13.8,13.6,6.9,-0.9,4.5,18.4,8.7,19.6
" ","Rate of Net Migration since last Census (Avg Annual Rate per 1000)",-11.4,-12.6,-9.0,-5.0,-7.2,-5.1,-7.7,-12.3,-14.3,-17.4,-9.5,-4.0,1.8,-0.2,-3.1,-8.3,-0.6,12.2,21.8,9.4
"Wicklow"
" ","Births since last Census (Number)",17435,14401,13160,12763,17413,9967,10304,7047,6764,6445,6710,6985,14782,4089,9571,8392,7613,10351,7762,12213
" ","Deaths since last Census (Number)",12735,11907,10726,9964,13210,7552,7948,4203,3695,3527,3508,3481,5833,1558,3852,3884,3910,5073,3151,3845
" ","Natural Increase since last Census (Number)",4700,2494,2434,2799,4203,2415,2356,2844,3069,2918,3202,3504,8949,2531,5719,4508,3703,5278,4611,8368
" ","Change in Population since last Census (Number)",-8311,-8250,-3668,-113,-3120,978,1882,2139,-2684,-2207,1955,5867,17655,3499,7093,2723,5418,11993,11518,10446
" ","Net Migration since last Census (Number)",-13011,-10744,-6102,-2912,-7323,-1437,-474,-705,-5753,-5125,-1247,2363,8706,968,1374,-1785,1715,6715,6907,2078
" ","Birth Rate since last Census (Avg Annual Rate per 1000)",23.4,21.7,21.0,21.0,19.6,17.2,17.3,22.9,22.1,21.6,22.6,22.0,24.6,23.9,21.0,17.5,15.2,15.9,16.1,18.6
" ","Death Rate since last Census (Avg Annual Rate per 1000)",17.1,18.0,17.1,16.4,14.9,13.0,13.4,13.7,12.1,11.8,11.8,11.0,9.7,9.1,8.5,8.1,7.8,7.8,6.5,5.9
" ","Rate of Natural Increase since last Census (Avg Annual Rate per 1000)",6.3,3.8,3.9,4.6,4.7,4.2,4.0,9.2,10.0,9.8,10.8,11.1,14.9,14.8,12.6,9.4,7.4,8.1,23.9,12.7
" ","Rate of Change in Population since last Census (Avg Annual Rate per 1000)",-11.1,-12.5,-5.9,-0.2,-3.5,1.7,3.2,7.0,-8.8,-7.4,6.6,18.5,29.4,20.4,15.6,5.7,10.8,18.4,9.6,15.9
" ","Rate of Net Migration since last Census (Avg Annual Rate per 1000)",-17.5,-16.2,-9.7,-4.8,-8.3,-2.5,-0.8,-2.3,-18.8,-17.2,-4.2,7.5,14.5,5.6,3.0,-3.7,3.4,10.3,14.3,3.2
"Munster"
" ","Births since last Census (Number)",373944,286702,248875,236904,313119,184113,181614,98972,92123,88622,91190,90996,159703,41615,94813,77330,69345,88590,65986,97177
" ","Deaths since last Census (Number)",250161,215454,192463,170922,229634,133474,134881,64590,57082,55257,53893,53251,85528,20638,52140,48888,48455,56885,34646,42410
" ","Natural Increase since last Census (Number)",123783,71248,56412,65982,83485,50639,46733,34382,35041,33365,37297,37745,74175,20977,42673,28442,20890,31705,31340,54767
" ","Change in Population since last Census (Number)",-62370,-158713,-97455,-40693,-65593,-27630,-24966,-18436,-21727,-28035,10131,22668,97817,18496,22262,-11044,24370,66711,72726,72748
" ","Net Migration since last Census (Number)",-186153,-229961,-153867,-106675,-149078,-78269,-71699,-52818,-56768,-61400,-27166,-15077,23642,-2481,-20411,-39486,3480,35006,41386,17981
" ","Birth Rate since last Census (Avg Annual Rate per 1000)",27.4,22.9,22.1,22.4,20.8,19.3,19.5,21.8,20.7,20.5,21.3,20.9,21.4,21.0,18.8,15.2,13.6,13.8,14.5,16.1
" ","Death Rate since last Census (Avg Annual Rate per 1000)",18.4,17.2,17.1,16.2,15.3,14.0,14.5,14.2,12.9,12.8,12.6,12.2,11.5,10.4,10.3,9.6,9.5,8.9,7.6,7.0
" ","Rate of Natural Increase since last Census (Avg Annual Rate per 1000)",9.1,5.7,5.0,6.2,5.6,5.3,5.0,7.6,7.9,7.7,8.7,8.7,10.0,10.6,8.5,5.6,4.1,5.0,16.0,9.1
" ","Rate of Change in Population since last Census (Avg Annual Rate per 1000)",-4.6,-12.7,-8.7,-3.9,-4.4,-2.9,-2.7,-4.1,-4.9,-6.5,2.4,5.2,13.1,9.4,4.4,-2.2,4.8,10.4,6.9,12.0
" ","Rate of Net Migration since last Census (Avg Annual Rate per 1000)",-13.7,-18.4,-13.7,-10.1,-9.9,-8.2,-7.7,-11.6,-12.8,-14.2,-6.4,-3.5,3.2,-1.3,-4.0,-7.8,0.7,5.5,9.1,3.0
"Clare"
" ","Births since last Census (Number)",36747,28492,24716,22078,26513,15908,14999,8834,7454,7157,6990,7101,13339,3537,8554,6983,6062,8270,6734,8966
" ","Deaths since last Census (Number)",22175,19941,18547,15717,20133,12027,12532,6036,5307,4995,4788,4996,8069,1875,4807,4522,4245,5129,3230,3957
" ","Natural Increase since last Census (Number)",14572,8551,6169,6361,6380,3881,2467,2798,2147,2162,2202,2105,5270,1662,3747,2461,1817,3141,3504,5009
" ","Change in Population since last Census (Number)",-6407,-16974,-13910,-8102,-9168,-5185,-4815,-3735,-4153,-3474,-105,1411,9911,2648,3777,-426,3088,9271,7673,6246
" ","Net Migration since last Census (Number)",-20979,-25525,-20079,-14463,-15548,-9066,-7282,-6533,-6300,-5636,-2307,-694,4641,986,30,-2887,1271,6130,4169,1237
" ","Birth Rate since last Census (Avg Annual Rate per 1000)",25.4,21.4,20.7,20.4,17.7,17.2,17.1,21.2,18.8,19.0,19.0,19.1,20.9,20.5,19.1,15.3,13.1,14.0,15.7,15.7
" ","Death Rate since last Census (Avg Annual Rate per 1000)",15.3,15.0,15.5,14.5,13.5,13.0,14.3,14.5,13.4,13.2,13.0,13.4,12.6,10.9,10.7,9.9,9.2,8.7,7.5,6.9
" ","Rate of Natural Increase since last Census (Avg Annual Rate per 1000)",10.1,6.4,5.2,5.9,4.3,4.2,2.8,6.7,5.4,5.7,6.0,5.7,8.2,9.6,8.4,5.4,3.9,5.3,17.9,8.8
" ","Rate of Change in Population since last Census (Avg Annual Rate per 1000)",-4.4,-12.8,-11.7,-7.5,-6.1,-5.6,-5.5,-9.0,-10.5,-9.2,-0.3,3.8,15.5,15.4,8.4,-0.9,6.7,15.7,8.2,11.0
" ","Rate of Net Migration since last Census (Avg Annual Rate per 1000)",-14.5,-19.2,-16.8,-13.4,-10.4,-9.8,-8.3,-15.7,-15.9,-14.9,-6.3,-1.9,7.3,5.7,0.1,-6.3,2.7,10.4,9.7,2.2
"Cork"
" ","Births since last Census (Number)",139462,108000,93926,89816,117940,67106,65771,35720,34274,34143,36682,37351,64495,16633,38005,31537,28762,36268,27267,41205
" ","Deaths since last Census (Number)",94273,82852,75054,66567,89693,51634,52109,24659,21902,21650,20924,20945,33606,8016,20255,19245,19112,22442,13494,16101
" ","Natural Increase since last Census (Number)",45189,25148,18872,23249,28247,15472,13662,11061,12372,12493,15758,16406,30889,8617,17750,12292,9650,13826,13773,25104
" ","Change in Population since last Census (Number)",-21469,-57175,-33821,-12507,-26357,-9790,-12289,-2384,-4621,-6220,9260,13180,43235,6347,10270,-2366,10141,27319,33466,37737
" ","Net Migration since last Census (Number)",-66658,-82323,-52693,-35756,-54604,-25262,-25951,-13445,-16993,-18713,-6498,-3226,12346,-2270,-7480,-14658,491,13493,19693,12633
" ","Birth Rate since last Census (Avg Annual Rate per 1000)",27.5,23.1,22.3,22.5,20.7,18.6,18.8,20.9,20.2,20.5,21.9,21.6,21.5,20.8,18.6,15.3,13.8,13.9,14.7,16.5
" ","Death Rate since last Census (Avg Annual Rate per 1000)",18.6,17.7,17.8,16.7,15.8,14.3,14.9,14.4,12.9,13.0,12.5,12.1,11.2,10.0,9.9,9.4,9.2,8.6,7.3,6.4
" ","Rate of Natural Increase since last Census (Avg Annual Rate per 1000)",8.9,5.4,4.5,5.8,5.0,4.3,3.9,6.5,7.3,7.5,9.4,9.5,10.3,10.8,8.7,6.0,4.6,5.3,18.0,10.0
" ","Rate of Change in Population since last Census (Avg Annual Rate per 1000)",-4.2,-12.2,-8.0,-3.1,-4.6,-2.7,-3.5,-1.4,-2.7,-3.7,5.5,7.6,14.4,7.9,5.0,-1.1,4.9,10.5,7.4,15.1
" ","Rate of Net Migration since last Census (Avg Annual Rate per 1000)",-13.2,-17.6,-12.5,-9.0,-9.6,-7.0,-7.4,-7.9,-10.0,-11.2,-3.9,-1.9,4.1,-2.8,-3.7,-7.1,0.2,5.2,10.6,5.1
"Kerry"
" ","Births since last Census (Number)",61450,46595,40599,39209,48885,26629,25154,13291,12202,11121,10401,10066,17939,4846,11076,8617,7528,9572,6975,10184
" ","Deaths since last Census (Number)",32820,26971,24463,22065,29394,17594,18201,9145,8093,7669,7650,7424,11835,2972,7360,7008,7023,8094,4737,5730
" ","Natural Increase since last Census (Number)",28630,19624,16136,17144,19491,9035,6953,4146,4109,3452,2751,2642,6104,1874,3716,1609,505,1478,2238,4454
" ","Change in Population since last Census (Number)",4453,-21903,-13410,-6035,-10520,-9337,-5941,-7249,-4572,-5614,-3673,-13,7584,2414,1389,-2265,4236,6397,7308,5667
" ","Net Migration since last Census (Number)",-24177,-41527,-29546,-23179,-30011,-18372,-12894,-11395,-8681,-9066,-6424,-2655,1480,540,-2327,-3874,3731,4919,5070,1213
" ","Birth Rate since last Census (Avg Annual Rate per 1000)",30.9,24.5,23.5,24.1,21.1,18.4,18.4,20.4,19.6,18.6,18.1,17.9,19.2,19.9,17.9,14.0,12.1,12.3,12.8,14.3
" ","Death Rate since last Census (Avg Annual Rate per 1000)",16.5,14.2,14.2,13.6,12.7,12.2,13.3,14.0,13.0,12.9,13.3,13.2,12.7,12.2,11.9,11.4,11.3,10.4,8.7,8.0
" ","Rate of Natural Increase since last Census (Avg Annual Rate per 1000)",14.4,10.3,9.4,10.5,8.4,6.3,5.1,6.4,6.6,5.8,4.8,4.7,6.5,7.7,6.0,2.6,0.8,1.9,13.4,6.2
" ","Rate of Change in Population since last Census (Avg Annual Rate per 1000)",2.2,-11.5,-7.8,-3.7,-4.5,-6.5,-4.3,-11.1,-7.4,-9.4,-6.4,0.0,8.1,9.9,2.3,-3.7,6.8,8.2,4.1,7.9
" ","Rate of Net Migration since last Census (Avg Annual Rate per 1000)",-12.2,-21.8,-17.1,-14.2,-13.0,-12.7,-9.4,-17.5,-14.0,-15.2,-11.2,-4.7,1.6,2.2,-3.8,-6.3,6.0,6.3,9.3,1.7
"Limerick"
" ","Births since last Census (Number)",51169,39166,34510,34146,49639,31161,31666,17313,16022,14980,15461,15345,27887,6984,15937,12812,11591,14639,10248,15307
" ","Deaths since last Census (Number)",36565,31910,27482,25128,35527,20444,20043,9605,8325,8006,8058,7729,12768,3035,8190,7315,7164,8477,5390,6653
" ","Natural Increase since last Census (Number)",14604,7256,7028,9018,14112,10717,11623,7708,7697,6974,7403,7616,15119,3949,7747,5497,4427,6162,4858,8654
" ","Change in Population since last Census (Number)",-11304,-21720,-12814,-3029,-2726,810,1406,-1320,-3358,-4542,4018,3102,16948,4254,2908,-2613,3086,10262,8751,7754
" ","Net Migration since last Census (Number)",-25908,-28976,-19842,-12047,-16838,-9907,-10217,-9028,-11055,-11516,-3385,-4514,1829,305,-4839,-8110,-1341,4100,3893,-900
" ","Birth Rate since last Census (Avg Annual Rate per 1000)",27.5,23.1,22.6,23.6,23.4,22.1,22.3,24.4,23.0,22.1,22.8,22.1,23.4,21.9,19.5,15.7,14.2,14.3,14.3,16.3
" ","Death Rate since last Census (Avg Annual Rate per 1000)",19.6,18.8,18.0,17.4,16.7,14.5,14.1,13.5,11.9,11.8,11.9,11.1,10.7,9.5,10.0,9.0,8.8,8.3,7.5,7.1
" ","Rate of Natural Increase since last Census (Avg Annual Rate per 1000)",7.8,4.3,4.6,6.2,6.6,7.6,8.2,10.9,11.0,10.3,10.9,11.0,12.7,12.4,9.5,6.7,5.4,6.0,12.2,9.2
" ","Rate of Change in Population since last Census (Avg Annual Rate per 1000)",-6.1,-12.8,-8.4,-2.1,-1.3,0.6,1.0,-1.9,-4.8,-6.7,5.9,4.5,14.2,13.3,3.6,-3.2,3.8,10.1,6.8,8.3
" ","Rate of Net Migration since last Census (Avg Annual Rate per 1000)",-13.9,-17.1,-13.0,-8.3,-7.9,-7.0,-7.2,-12.7,-15.8,-17.0,-5.0,-6.5,1.5,1.0,-5.9,-9.9,-1.6,4.0,5.4,-1.0
"Tipperary"
" ","Births since last Census (Number)",52709,40328,35025,33076,44682,27419,28378,15697,14577,13801,13660,12982,21774,5775,13023,10445,9096,11311,8294,12212
" ","Deaths since last Census (Number)",38728,32951,29024,26085,34416,19843,20159,9595,8699,8313,7920,7628,12057,2921,7398,6787,6829,8025,4843,6126
" ","Natural Increase since last Census (Number)",13981,7377,6001,6991,10266,7576,8219,6102,5878,5488,5740,5354,9717,2854,5625,3658,2267,3286,3451,6086
" ","Change in Population since last Census (Number)",-17101,-26424,-14985,-7799,-11418,-3180,-1821,-2701,-3898,-5593,-1010,753,10176,1520,1358,-3847,763,6596,9113,9510
" ","Net Migration since last Census (Number)",-31082,-33801,-20986,-14790,-21684,-10756,-10040,-8803,-9776,-11081,-6750,-4601,459,-1334,-4267,-7505,-1504,3310,5662,3424
" ","Birth Rate since last Census (Avg Annual Rate per 1000)",25.3,21.6,20.9,21.2,20.3,19.7,20.7,23.3,22.2,21.8,22.2,21.1,21.2,21.5,19.2,15.5,13.7,13.8,29.0,15.9
" ","Death Rate since last Census (Avg Annual Rate per 1000)",18.6,17.7,17.3,16.7,15.6,14.2,14.7,14.3,13.2,13.1,12.8,12.4,11.7,10.9,10.9,10.1,10.3,9.8,16.9,8.0
" ","Rate of Natural Increase since last Census (Avg Annual Rate per 1000)",6.7,4.0,3.6,4.5,4.7,5.4,6.0,9.1,8.9,8.7,9.3,8.7,9.4,10.6,8.3,5.4,3.4,4.0,32.3,7.9
" ","Rate of Change in Population since last Census (Avg Annual Rate per 1000)",-8.2,-14.2,-8.9,-5.0,-5.2,-2.3,-1.3,-4.0,-5.9,-8.8,-1.6,1.2,9.9,5.7,2.0,-5.7,1.1,8.0,12.0,12.4
" ","Rate of Net Migration since last Census (Avg Annual Rate per 1000)",-14.9,-18.1,-12.5,-9.5,-9.9,-7.7,-7.3,-13.1,-14.9,-17.5,-10.9,-7.5,0.4,-5.0,-6.3,-11.1,-2.3,4.0,20.3,4.4
"Tipperary NR"
" ","Births since last Census (Number)",..,..,..,..,18054,11737,12245,6530,6416,6003,5857,5674,9867,2674,5829,4627,4217,5295,4006,6088
" ","Deaths since last Census (Number)",..,..,..,..,13597,8363,8674,3999,3784,3603,3479,3418,5415,1288,3297,3138,3050,3762,2320,3038
" ","Natural Increase since last Census (Number)",..,..,..,..,4457,3374,3571,2531,2632,2400,2378,2256,4452,1386,2532,1489,1167,1533,1686,3050
" ","Change in Population since last Census (Number)",..,..,..,..,-3236,-94,-1448,-1094,-1312,-2001,147,494,4139,508,538,-1668,167,2989,5013,4299
" ","Net Migration since last Census (Number)",..,..,..,..,-7693,-3468,-5019,-3625,-3944,-4401,-2231,-1762,-313,-878,-1994,-3157,-1000,1456,3327,1249
" ","Birth Rate since last Census (Avg Annual Rate per 1000)",..,..,..,..,19.6,19.7,20.8,22.7,22.8,22.0,21.8,21.0,21.9,22.8,19.7,15.8,14.6,14.8,15.8,17.9
" ","Death Rate since last Census (Avg Annual Rate per 1000)",..,..,..,..,14.8,14.0,14.7,13.9,13.4,13.2,12.9,12.6,12.0,11.0,11.1,10.7,10.5,10.5,9.1,8.9
" ","Rate of Natural Increase since last Census (Avg Annual Rate per 1000)",..,..,..,..,4.9,5.7,6.1,8.8,9.3,8.8,8.8,8.3,9.9,11.8,8.5,5.1,4.0,4.3,19.7,8.9
" ","Rate of Change in Population since last Census (Avg Annual Rate per 1000)",..,..,..,..,-3.5,-0.2,-2.5,-3.8,-4.7,-7.3,0.5,1.8,9.2,4.3,1.8,-5.7,0.6,8.4,6.6,12.6
" ","Rate of Net Migration since last Census (Avg Annual Rate per 1000)",..,..,..,..,-8.4,-5.8,-8.5,-12.6,-14.0,-16.1,-8.3,-6.5,-0.7,-7.5,-6.7,-10.8,-3.5,4.1,13.1,3.7
"Tipperary SR"
" ","Births since last Census (Number)",..,..,..,..,26628,15682,16133,9167,8161,7798,7803,7308,11907,3101,7194,5818,4879,6016,4288,6124
" ","Deaths since last Census (Number)",..,..,..,..,20819,11480,11485,5596,4915,4710,4441,4210,6642,1633,4101,3649,3779,4263,2523,3088
" ","Natural Increase since last Census (Number)",..,..,..,..,5809,4202,4648,3571,3246,3088,3362,3098,5265,1468,3093,2169,1100,1753,1765,3036
" ","Change in Population since last Census (Number)",..,..,..,..,-8182,-3086,-373,-1607,-2586,-3592,-1157,259,6037,1012,820,-2179,596,3607,4100,5211
" ","Net Migration since last Census (Number)",..,..,..,..,-13991,-7288,-5021,-5178,-5832,-6680,-4519,-2839,772,-456,-2273,-4348,-504,1854,2335,2175
" ","Birth Rate since last Census (Avg Annual Rate per 1000)",..,..,..,..,20.8,19.6,20.7,23.8,21.8,21.7,22.4,21.2,20.6,20.5,18.8,15.3,13.0,13.0,13.2,14.3
" ","Death Rate since last Census (Avg Annual Rate per 1000)",..,..,..,..,16.2,14.4,14.7,14.5,13.1,13.1,12.8,12.2,11.5,10.8,10.7,9.6,10.0,9.2,7.8,7.2
" ","Rate of Natural Increase since last Census (Avg Annual Rate per 1000)",..,..,..,..,4.5,5.3,6.0,9.3,8.7,8.6,9.7,9.0,9.1,9.7,8.1,5.7,2.9,3.8,12.6,7.1
" ","Rate of Change in Population since last Census (Avg Annual Rate per 1000)",..,..,..,..,-6.4,-3.9,-0.5,-4.2,-6.9,-10.0,-3.3,0.7,10.4,6.7,2.1,-5.7,1.6,7.8,5.4,12.1
" ","Rate of Net Migration since last Census (Avg Annual Rate per 1000)",..,..,..,..,-10.9,-9.1,-6.4,-13.4,-15.5,-18.6,-13.0,-8.2,1.3,-3.0,-5.9,-11.4,-1.3,4.0,7.2,5.1
"Waterford"
" ","Births since last Census (Number)",32407,24121,20099,18579,25460,15890,15646,8117,7594,7420,7996,8151,14269,3840,8218,6936,6306,8530,6468,9303
" ","Deaths since last Census (Number)",25600,20829,17893,15360,20471,11932,11837,5550,4756,4624,4553,4529,7193,1819,4130,4011,4082,4718,2952,3843
" ","Natural Increase since last Census (Number)",6807,3292,2206,3219,4989,3958,3809,2567,2838,2796,3443,3622,7076,2021,4088,2925,2224,3812,3516,5460
" ","Change in Population since last Census (Number)",-10542,-14517,-8515,-3221,-5404,-948,-1506,-1047,-1125,-2592,1641,4235,9963,1313,2560,473,3056,6866,6415,5834
" ","Net Migration since last Census (Number)",-17349,-17809,-10721,-6440,-10393,-4906,-5315,-3614,-3963,-5388,-1802,613,2887,-708,-1528,-2452,832,3054,2899,374
" ","Birth Rate since last Census (Avg Annual Rate per 1000)",27.5,22.9,22.0,21.7,20.9,20.3,20.4,21.5,20.4,20.4,22.1,21.7,21.7,21.8,18.3,15.2,13.5,14.5,15.4,16.8
" ","Death Rate since last Census (Avg Annual Rate per 1000)",21.7,19.7,19.6,17.9,16.8,15.3,15.4,14.7,12.8,12.7,12.6,12.0,10.9,10.3,9.2,8.8,8.8,8.0,7.0,6.9
" ","Rate of Natural Increase since last Census (Avg Annual Rate per 1000)",5.8,3.1,2.4,3.8,4.1,5.1,5.0,6.8,7.6,7.7,9.5,9.6,10.7,11.5,9.1,6.4,4.8,6.5,15.3,9.8
" ","Rate of Change in Population since last Census (Avg Annual Rate per 1000)",-8.9,-13.8,-9.3,-3.8,-4.4,-1.2,-2.0,-2.8,-3.0,-7.1,4.5,11.3,15.1,7.5,5.7,1.0,6.6,11.7,8.4,10.5
" ","Rate of Net Migration since last Census (Avg Annual Rate per 1000)",-14.7,-16.9,-11.7,-7.5,-8.5,-6.3,-6.9,-9.6,-10.6,-14.8,-5.0,1.6,4.4,-4.0,-3.4,-5.4,1.8,5.2,6.9,0.7
"Connacht"
" ","Births since last Census (Number)",220469,172574,146514,136033,175588,97656,92323,49442,44561,40569,36616,34678,60692,16518,39007,32263,27652,34278,26510,40228
" ","Deaths since last Census (Number)",120169,107159,98936,89350,122218,70518,72540,34201,30204,27810,26305,25972,40824,10246,24807,23681,23099,27310,15746,18923
" ","Natural Increase since last Census (Number)",100300,65415,47578,46683,53370,27138,19783,15241,14357,12759,10311,8706,19868,6272,14200,8582,4553,6968,10764,21305
" ","Change in Population since last Census (Number)",-24556,-96883,-72579,-35948,-58077,-27439,-32671,-20902,-25674,-26756,-17515,-11048,27598,5910,6999,-8378,10200,31065,39825,38426
" ","Net Migration since last Census (Number)",-124856,-162298,-120157,-82631,-111447,-54577,-52454,-36143,-40031,-39515,-27826,-19754,7730,-362,-7201,-16960,5647,24097,29061,17121
" ","Birth Rate since last Census (Avg Annual Rate per 1000)",26.4,22.3,21.4,21.6,20.1,18.1,18.1,20.5,19.4,18.7,17.8,17.5,18.7,19.6,18.2,15.1,12.9,12.7,13.7,15.4
" ","Death Rate since last Census (Avg Annual Rate per 1000)",14.4,13.9,14.5,14.2,14.0,13.1,14.2,14.2,13.2,12.8,12.8,13.1,12.6,12.2,11.6,11.1,10.8,10.1,8.1,7.2
" ","Rate of Natural Increase since last Census (Avg Annual Rate per 1000)",12.0,8.5,7.0,7.4,6.1,5.0,3.9,6.3,6.3,5.9,5.0,4.4,6.1,7.4,6.6,4.0,2.1,2.6,20.6,8.1
" ","Rate of Change in Population since last Census (Avg Annual Rate per 1000)",-2.9,-12.5,-10.6,-5.7,-6.7,-5.1,-6.4,-8.7,-11.2,-12.4,-8.5,-5.6,8.5,7.0,3.3,-3.9,4.8,11.5,5.6,14.7
" ","Rate of Net Migration since last Census (Avg Annual Rate per 1000)",-15.0,-21.0,-17.6,-13.1,-12.8,-10.1,-10.3,-15.0,-17.4,-18.3,-13.6,-10.0,2.4,-0.4,-3.4,-7.9,2.6,8.9,15.0,6.5
"Galway"
" ","Births since last Census (Number)",64461,50347,44912,41103,54869,33883,34619,18115,16544,15505,14693,14557,26581,7231,16627,14137,12711,16313,13144,19649
" ","Deaths since last Census (Number)",37336,31998,30779,27404,36737,22142,23428,10753,9162,8778,8360,8714,13833,3444,8642,8371,8342,10097,6148,7365
" ","Natural Increase since last Census (Number)",27125,18349,14133,13699,18132,11741,11191,7362,7382,6727,6333,5843,12748,3787,7985,5766,4369,6216,6996,12284
" ","Change in Population since last Census (Number)",-7715,-27293,-18678,-10325,-12858,-1168,-2997,-4997,-4651,-5666,-1547,883,18615,4180,6534,1812,8490,20223,22593,18983
" ","Net Migration since last Census (Number)",-34840,-45642,-32811,-24024,-30990,-12909,-14188,-12359,-12033,-12393,-7880,-4960,5867,393,-1451,-3954,4121,14007,15597,6699
" ","Birth Rate since last Census (Avg Annual Rate per 1000)",26.2,22.0,22.2,21.9,20.8,20.1,20.8,22.3,21.0,20.3,19.7,19.6,21.0,21.3,19.0,15.8,13.8,13.7,14.9,16.3
" ","Death Rate since last Census (Avg Annual Rate per 1000)",15.2,14.0,15.2,14.6,13.9,13.1,14.1,13.2,11.6,11.5,11.2,11.7,10.9,10.1,9.9,9.3,9.0,8.5,7.0,6.1
" ","Rate of Natural Increase since last Census (Avg Annual Rate per 1000)",11.0,8.0,7.0,7.3,6.9,7.0,6.7,9.0,9.4,8.8,8.5,7.9,10.1,11.1,9.1,6.4,4.7,5.2,25.6,10.2
" ","Rate of Change in Population since last Census (Avg Annual Rate per 1000)",-3.1,-12.0,-9.3,-5.5,-4.9,-0.7,-1.8,-6.1,-5.9,-7.4,-2.1,1.2,14.7,12.3,7.5,2.0,9.2,16.9,7.9,15.7
" ","Rate of Net Migration since last Census (Avg Annual Rate per 1000)",-14.2,-20.0,-16.3,-12.8,-11.8,-7.6,-8.5,-15.2,-15.2,-16.2,-10.6,-6.7,4.6,1.2,-1.7,-4.4,4.5,11.7,17.7,5.6
"Leitrim"
" ","Births since last Census (Number)",24542,19056,15117,13259,16444,8956,7524,3850,3284,3029,2598,2183,3638,987,2340,1844,1496,1740,1413,2406
" ","Deaths since last Census (Number)",13571,12382,10608,9438,12508,7452,7245,3273,2917,2604,2444,2224,3636,897,2057,1988,1899,2056,1203,1289
" ","Natural Increase since last Census (Number)",10971,6674,4509,3821,3936,1504,279,577,367,425,154,-41,2,90,283,-144,-403,-316,210,1117
" ","Change in Population since last Census (Number)",-5190,-11754,-9275,-5761,-7675,-4999,-6317,-3382,-4153,-3586,-2898,-2212,-516,-235,-574,-1734,-244,742,3151,2848
" ","Net Migration since last Census (Number)",-16161,-18428,-13784,-9582,-11611,-6503,-6596,-3959,-4520,-4011,-3052,-2171,-518,-325,-857,-1590,159,1058,2941,1731
" ","Birth Rate since last Census (Avg Annual Rate per 1000)",26.4,22.6,20.4,19.9,18.3,16.8,15.8,17.9,16.8,17.2,16.2,14.8,16.2,17.8,17.1,14.1,11.9,11.4,12.9,15.8
" ","Death Rate since last Census (Avg Annual Rate per 1000)",14.6,14.7,14.3,14.2,14.0,14.0,15.2,15.3,14.9,14.8,15.3,15.1,16.2,16.2,15.1,15.2,15.1,13.5,11.0,8.5
" ","Rate of Natural Increase since last Census (Avg Annual Rate per 1000)",11.8,7.9,6.1,5.7,4.4,2.8,0.6,2.7,1.9,2.4,1.0,-0.3,0.0,1.6,2.1,-1.1,-3.2,-2.1,28.8,7.4
" ","Rate of Change in Population since last Census (Avg Annual Rate per 1000)",-5.6,-13.9,-12.5,-8.7,-8.6,-9.4,-13.2,-15.8,-21.2,-20.3,-18.1,-15.0,-2.3,-4.2,-4.2,-13.3,-1.9,4.9,1.9,18.8
" ","Rate of Net Migration since last Census (Avg Annual Rate per 1000)",-17.4,-21.8,-18.6,-14.4,-13.0,-12.2,-13.8,-18.5,-23.1,-22.7,-19.1,-14.7,-2.3,-5.9,-6.3,-12.2,1.3,6.9,26.9,11.4
"Mayo"
" ","Births since last Census (Number)",67886,54955,47216,46027,58273,29613,27890,15055,13364,11665,10103,9466,15906,4407,10625,8507,6923,8559,6321,9133
" ","Deaths since last Census (Number)",33825,31432,29095,26006,36484,20240,20553,10286,9032,8369,7701,7597,11596,3050,7226,6881,6873,8102,4543,5438
" ","Natural Increase since last Census (Number)",34061,23523,18121,20021,21789,9373,7337,4769,4332,3296,2402,1869,4310,1357,3399,1626,50,457,1778,3695
" ","Change in Population since last Census (Number)",444,-26178,-19532,-6989,-19487,-11341,-13229,-6253,-8815,-9722,-7783,-6022,4494,747,418,-4471,811,5922,6393,6799
" ","Net Migration since last Census (Number)",-33617,-49701,-37653,-27010,-41276,-20714,-20566,-11022,-13147,-13018,-10185,-7891,184,-610,-2981,-6097,761,5465,4615,3104
" ","Birth Rate since last Census (Avg Annual Rate per 1000)",27.7,23.7,22.6,23.5,21.3,17.7,18.0,20.8,19.4,18.2,16.9,16.8,17.8,19.3,18.5,15.1,12.5,12.5,13.1,14.4
" ","Death Rate since last Census (Avg Annual Rate per 1000)",13.8,13.5,13.9,13.3,13.3,12.1,13.3,14.2,13.1,13.1,12.9,13.5,13.0,13.3,12.6,12.2,12.4,11.8,9.4,8.5
" ","Rate of Natural Increase since last Census (Avg Annual Rate per 1000)",13.9,10.1,8.7,10.2,8.0,5.6,4.7,6.6,6.3,5.1,4.0,3.3,4.8,5.9,5.9,2.9,0.1,0.7,13.2,5.8
" ","Rate of Change in Population since last Census (Avg Annual Rate per 1000)",0.2,-11.3,-9.3,-3.6,-7.1,-6.8,-8.5,-8.6,-12.8,-15.2,-13.0,-10.7,5.0,3.3,0.7,-7.9,1.5,8.6,3.7,10.7
" ","Rate of Net Migration since last Census (Avg Annual Rate per 1000)",-13.7,-21.4,-18.0,-13.8,-15.1,-12.4,-13.3,-15.2,-19.1,-20.3,-17.1,-14.0,0.2,-2.7,-5.2,-10.8,1.4,8.0,9.6,4.9
"Roscommon"
" ","Births since last Census (Number)",34837,26309,21195,18807,24584,13420,11424,6234,5755,5211,4461,4139,6651,1806,4322,3601,2887,3243,2552,4311
" ","Deaths since last Census (Number)",19914,17025,15452,13840,19111,10683,10951,5116,4845,4196,4082,3851,6230,1416,3518,3251,2986,3568,1910,2527
" ","Natural Increase since last Census (Number)",14923,9284,5743,4967,5473,2737,473,1118,910,1015,379,288,421,390,804,350,-99,-325,642,1784
" ","Change in Population since last Census (Number)",-8180,-18093,-14761,-7835,-10400,-5990,-5056,-4408,-4392,-4493,-2989,-2709,670,354,49,-2695,78,1799,4994,5297
" ","Net Migration since last Census (Number)",-23103,-27377,-20504,-12802,-15873,-8727,-5529,-5526,-5302,-5508,-3368,-2997,249,-36,-755,-3045,177,2124,4352,3513
" ","Birth Rate since last Census (Avg Annual Rate per 1000)",25.5,21.3,19.4,19.2,18.5,16.7,15.2,17.7,17.5,17.0,15.5,15.1,15.4,16.6,15.8,13.5,11.1,10.2,11.3,14.0
" ","Death Rate since last Census (Avg Annual Rate per 1000)",14.6,13.8,14.2,14.1,14.4,13.3,14.6,14.6,14.7,13.7,14.1,14.0,14.5,13.0,12.9,12.2,11.5,11.2,8.5,8.2
" ","Rate of Natural Increase since last Census (Avg Annual Rate per 1000)",10.9,7.5,5.3,5.1,4.1,3.4,0.6,3.2,2.8,3.3,1.3,1.0,1.0,3.6,2.9,1.3,-0.4,-1.0,22.2,5.8
" ","Rate of Change in Population since last Census (Avg Annual Rate per 1000)",-6.0,-14.7,-13.5,-8.0,-7.8,-7.4,-6.7,-12.5,-13.3,-14.6,-10.4,-9.9,1.6,3.3,0.2,-10.1,0.3,5.7,2.9,17.2
" ","Rate of Net Migration since last Census (Avg Annual Rate per 1000)",-16.9,-22.2,-18.8,-13.1,-11.9,-10.8,-7.4,-15.7,-16.1,-17.9,-11.7,-10.9,0.6,-0.3,-2.8,-11.4,0.7,6.7,19.3,11.4
"Sligo"
" ","Births since last Census (Number)",28743,21907,18074,16837,21418,11784,10866,6188,5614,5159,4761,4333,7916,2087,5093,4174,3635,4423,3080,4729
" ","Deaths since last Census (Number)",15523,14322,13002,12662,17378,10001,10363,4773,4248,3863,3718,3586,5529,1439,3364,3190,2999,3487,1942,2304
" ","Natural Increase since last Census (Number)",13220,7585,5072,4175,4040,1783,503,1415,1366,1296,1043,747,2387,648,1729,984,636,936,1138,2425
" ","Change in Population since last Census (Number)",-3915,-13565,-10333,-5038,-7657,-3941,-5072,-1862,-3663,-3289,-2298,-988,4335,864,572,-1290,1065,2379,2694,4499
" ","Net Migration since last Census (Number)",-17135,-21150,-15405,-9213,-11697,-5724,-5575,-3277,-5029,-4585,-3341,-1735,1948,216,-1157,-2274,429,1443,1556,2074
" ","Birth Rate since last Census (Avg Annual Rate per 1000)",25.3,20.9,20.3,20.6,19.0,17.0,16.7,20.1,19.1,18.7,18.2,17.1,18.9,19.0,18.3,15.1,13.1,12.9,12.9,15.0
" ","Death Rate since last Census (Avg Annual Rate per 1000)",13.7,13.7,14.6,15.5,15.4,14.4,16.0,15.5,14.5,14.0,14.2,14.1,13.2,13.1,12.1,11.5,10.8,10.2,8.2,7.3
" ","Rate of Natural Increase since last Census (Avg Annual Rate per 1000)",11.6,7.2,5.7,5.1,3.6,2.6,0.8,4.6,4.7,4.7,4.0,2.9,5.7,5.9,6.2,3.6,2.3,2.7,11.3,7.7
" ","Rate of Change in Population since last Census (Avg Annual Rate per 1000)",-3.4,-12.9,-11.6,-6.2,-6.8,-5.7,-7.8,-6.1,-12.5,-11.9,-8.8,-3.9,10.3,7.8,2.1,-4.7,3.9,7.0,4.8,14.3
" ","Rate of Net Migration since last Census (Avg Annual Rate per 1000)",-15.1,-20.2,-17.3,-11.3,-10.4,-8.2,-8.6,-10.7,-17.1,-16.6,-12.7,-6.8,4.6,2.0,-4.1,-8.2,1.6,4.2,6.5,6.6
"Ulster (pt)"
" ","Births since last Census (Number)",110553,84645,73473,70832,96267,51252,50462,26717,23073,20138,19782,19062,34260,9580,22485,18582,15756,19221,13771,21174
" ","Deaths since last Census (Number)",72058,61626,57593,54571,77374,41452,40527,18626,16497,15035,13833,13290,22019,5057,13026,12356,11811,13604,8320,10042
" ","Natural Increase since last Census (Number)",38495,23019,15880,16261,18893,9800,9935,8091,6576,5103,5949,5772,12241,4523,9459,6226,3945,5617,5451,11132
" ","Change in Population since last Census (Number)",-35779,-54501,-37884,-14709,-31074,-19822,-16382,-10635,-17389,-18339,-9221,-1099,18833,4122,5849,-3802,2045,12463,20550,27539
" ","Net Migration since last Census (Number)",-74274,-77520,-53764,-30970,-49967,-29622,-26317,-18726,-23965,-23442,-15170,-6871,6592,-401,-3610,-10028,-1900,6846,15099,16407
" ","Birth Rate since last Census (Avg Annual Rate per 1000)",24.2,20.6,20.1,20.9,20.3,17.7,18.5,20.7,18.9,17.8,18.6,18.4,19.8,21.0,19.3,15.9,13.5,13.3,13.4,15.1
" ","Death Rate since last Census (Avg Annual Rate per 1000)",15.8,15.0,15.8,16.1,16.3,14.3,14.9,14.4,13.5,13.3,13.0,12.8,12.7,11.1,11.2,10.6,10.1,9.4,8.1,7.1
" ","Rate of Natural Increase since last Census (Avg Annual Rate per 1000)",8.4,5.6,4.4,4.8,4.0,3.4,3.7,6.3,5.4,4.5,5.6,5.6,7.1,9.9,8.1,5.3,3.4,3.9,20.0,7.9
" ","Rate of Change in Population since last Census (Avg Annual Rate per 1000)",-7.8,-13.3,-10.4,-4.3,-6.6,-6.8,-6.0,-8.2,-14.2,-16.2,-8.7,-1.1,10.9,9.0,5.0,-3.2,1.8,8.6,5.3,19.6
" ","Rate of Net Migration since last Census (Avg Annual Rate per 1000)",-16.3,-18.9,-14.7,-9.1,-10.6,-10.2,-9.7,-14.5,-19.6,-20.7,-14.2,-6.6,3.8,-0.9,-3.1,-8.6,-1.6,4.7,14.7,11.7
"Cavan"
" ","Births since last Census (Number)",33806,24590,20330,18117,25644,13678,12589,6692,5930,5362,5174,4762,8304,2212,5345,4282,3667,4468,3329,5921
" ","Deaths since last Census (Number)",20975,17514,15862,14554,19958,11068,11176,5324,4723,4210,3933,3728,5930,1252,3345,2986,2839,3227,2089,2550
" ","Natural Increase since last Census (Number)",12831,7076,4468,3563,5686,2610,1413,1368,1207,1152,1241,1034,2374,960,2000,1296,828,1241,1240,3371
" ","Change in Population since last Census (Number)",-11259,-17559,-14376,-6368,-8721,-5782,-6315,-3978,-4637,-5146,-2572,-1404,1102,135,110,-1169,148,3602,7457,9180
" ","Net Migration since last Census (Number)",-24090,-24635,-18844,-9931,-14407,-8392,-7728,-5346,-5844,-6298,-3813,-2438,-1272,-825,-1890,-2465,-680,2361,6217,5809
" ","Birth Rate since last Census (Avg Annual Rate per 1000)",25.0,20.4,19.4,19.2,19.7,17.2,17.1,19.6,18.5,18.1,18.7,17.9,19.5,20.6,19.8,16.0,13.9,13.6,13.8,17.3
" ","Death Rate since last Census (Avg Annual Rate per 1000)",15.5,14.5,15.1,15.4,15.3,13.9,15.2,15.6,14.7,14.2,14.2,14.0,13.9,11.6,12.4,11.2,10.7,9.8,8.7,7.4
" ","Rate of Natural Increase since last Census (Avg Annual Rate per 1000)",9.5,5.9,4.3,3.8,4.4,3.3,1.9,4.0,3.8,3.9,4.5,3.9,5.6,8.9,7.4,4.9,3.1,3.8,5.1,9.8
" ","Rate of Change in Population since last Census (Avg Annual Rate per 1000)",-8.3,-14.5,-13.7,-6.7,-6.7,-7.3,-8.6,-11.6,-14.5,-17.4,-9.3,-5.3,2.6,1.3,0.4,-4.4,0.6,11.0,30.9,26.8
" ","Rate of Net Migration since last Census (Avg Annual Rate per 1000)",-17.8,-20.4,-18.0,-10.5,-11.1,-10.5,-10.5,-15.6,-18.2,-21.3,-13.8,-9.1,-3.0,-7.7,-7.0,-9.2,-2.6,7.2,25.8,16.9
"Donegal"
" ","Births since last Census (Number)",51261,41849,37916,38098,50750,26467,27298,14299,11792,9970,10029,9920,18400,5223,12299,10444,8826,10895,7686,11088
" ","Deaths since last Census (Number)",32638,28389,27010,26437,39204,20890,20558,9405,8432,7604,6969,6711,11421,2772,6984,6711,6518,7594,4573,5433
" ","Natural Increase since last Census (Number)",18623,13460,10906,11661,11546,5577,6740,4894,3360,2366,3060,3209,6979,2451,5315,3733,2308,3301,3113,5655
" ","Change in Population since last Census (Number)",-12299,-20400,-11913,-5185,-16029,-10198,-5993,-4787,-9471,-8217,-5293,-205,13597,3171,4552,-1547,1877,7581,9689,13873
" ","Net Migration since last Census (Number)",-30922,-33860,-22819,-16846,-27575,-15775,-12733,-9681,-12831,-10583,-8353,-3414,6618,720,-763,-5280,-431,4280,6576,8218
" ","Birth Rate since last Census (Avg Annual Rate per 1000)",24.2,21.4,21.1,22.3,21.1,18.0,19.6,21.4,18.6,16.9,18.0,18.3,20.0,21.1,19.3,16.2,13.7,13.6,13.5,14.4
" ","Death Rate since last Census (Avg Annual Rate per 1000)",15.4,14.5,15.0,15.4,16.3,14.2,14.8,14.0,13.3,12.9,12.5,12.4,12.4,11.2,11.0,10.4,10.1,9.5,8.0,7.0
" ","Rate of Natural Increase since last Census (Avg Annual Rate per 1000)",8.8,6.9,6.1,6.8,4.8,3.8,4.8,7.3,5.3,4.0,5.5,5.9,7.6,9.9,8.3,5.8,3.6,4.1,17.0,7.3
" ","Rate of Change in Population since last Census (Avg Annual Rate per 1000)",-5.8,-10.4,-6.6,-3.0,-6.7,-6.9,-4.3,-7.1,-14.9,-13.9,-9.5,-0.4,14.8,12.8,7.1,-2.4,2.9,9.4,5.5,18.0
" ","Rate of Net Migration since last Census (Avg Annual Rate per 1000)",-14.6,-17.3,-12.7,-9.8,-11.5,-10.7,-9.1,-14.5,-20.2,-17.9,-15.0,-6.3,7.2,2.9,-1.2,-8.2,-0.7,5.3,11.5,10.7
"Monaghan"
" ","Births since last Census (Number)",25486,18206,15227,14617,19873,11107,10575,5726,5351,4806,4579,4380,7556,2145,4841,3856,3263,3858,2756,4165
" ","Deaths since last Census (Number)",18445,15723,14721,13580,18212,9494,8793,3897,3342,3221,2931,2851,4668,1033,2697,2659,2454,2783,1658,2059
" ","Natural Increase since last Census (Number)",7041,2483,506,1037,1661,1613,1782,1829,2009,1585,1648,1529,2888,1112,2144,1197,809,1075,1098,2106
" ","Change in Population since last Census (Number)",-12221,-16542,-11595,-3156,-6324,-3842,-4074,-1870,-3281,-4976,-1356,510,4134,816,1187,-1086,20,1280,3404,4486
" ","Net Migration since last Census (Number)",-19262,-19025,-12101,-4193,-7985,-5455,-5856,-3699,-5290,-6561,-3004,-1019,1246,-296,-957,-2283,-789,205,2306,2380
" ","Birth Rate since last Census (Avg Annual Rate per 1000)",23.4,19.3,18.9,20.0,19.4,17.6,17.8,20.3,19.9,19.4,19.7,19.0,19.6,21.1,18.7,14.9,12.7,12.4,12.7,14.3
" ","Death Rate since last Census (Avg Annual Rate per 1000)",16.9,16.6,18.3,18.6,17.8,15.0,14.8,13.8,12.4,13.0,12.6,12.4,12.1,10.2,10.4,10.3,9.6,8.9,7.6,7.1
" ","Rate of Natural Increase since last Census (Avg Annual Rate per 1000)",6.5,2.6,0.6,1.4,1.6,2.6,3.0,6.5,7.5,6.4,7.1,6.6,7.5,10.9,8.3,4.6,3.2,3.4,15.7,7.2
" ","Rate of Change in Population since last Census (Avg Annual Rate per 1000)",-11.2,-17.5,-14.4,-4.3,-6.2,-6.1,-6.9,-6.6,-12.2,-20.1,-5.8,2.2,10.7,8.0,4.6,-4.2,0.1,4.1,5.1,15.4
" ","Rate of Net Migration since last Census (Avg Annual Rate per 1000)",-17.7,-20.1,-15.0,-5.7,-7.8,-8.6,-9.9,-13.1,-19.7,-26.5,-12.9,-4.4,3.2,-2.9,-3.7,-8.8,-3.1,0.7,10.6,8.2

